model_id,l1_mean,l1_var,l1_skew,l1_kurtosis,l1_l2_norm,l1_max_amp,l2_mean,l2_var,l2_skew,l2_kurtosis,l2_l2_norm,l2_max_amp,l3_mean,l3_var,l3_skew,l3_kurtosis,l3_l2_norm,l3_max_amp,quality_class
f_model_0001,-2.1950536e-05,0.00042651172,-0.0025635178,-1.2010694,13.084539,0.03727388,0.00014749481,0.0006498123,-0.0036988857,-1.1999378,9.229032,0.04745172,-0.0010486353,0.0013676347,0.044195898,-1.2188219,1.8718867,0.06900924,slikts
f_model_0002,0.0031499926,0.0033944428,0.09843308,48.30978,36.96668,1.3173653,-0.0050166245,0.0027939875,-1.9286661,41.27574,19.222689,0.8881819,-0.009163268,0.009422776,-0.88361764,4.545602,4.933281,0.57299656,vidējs
f_model_0003,0.0035816275,0.005546985,-0.019564513,3.3595467,47.241413,0.88875073,-0.004706958,0.005646774,-0.3823566,2.9077792,27.258715,0.626309,-0.03487424,0.020702576,-0.9255393,1.4649734,7.4908013,0.83265436,vidējs
f_model_0004,9.487669e-05,0.00094564835,-0.0008888301,-0.35874748,19.483177,0.10787411,0.00043523134,0.0016065094,0.0045345714,-0.6654248,14.511829,0.109280355,-0.0062101423,0.003937428,-0.080498286,-1.2847327,3.190383,0.12590782,slikts
f_model_0005,-0.0006728081,0.00043625064,-0.001649126,-1.1609998,13.239946,0.057617333,0.0009033871,0.0006831016,0.019015478,-1.1405221,9.467971,0.07316076,-0.00059945456,0.00304839,0.12330831,-0.50229216,2.793707,0.18342835,slikts
f_model_0006,0.005793694,0.0048681977,0.4683102,32.350494,44.35767,1.3169986,-0.007979942,0.0047790394,-1.0978012,18.31202,25.194126,0.8766762,-0.008682527,0.011958015,-1.0523632,3.042368,5.550271,0.6340024,vidējs
f_model_0007,0.0026223017,0.003383005,-0.05689835,1.1505971,36.887997,0.41879663,-0.008216574,0.004430457,0.023253253,0.003493309,24.28081,0.28204784,-0.016372632,0.0102825705,-0.2724648,-1.2157673,5.1970778,0.293713,vidējs
f_model_0008,0.005768035,0.0007917196,-0.32877696,7.5135126,18.197725,0.32996136,-0.009710381,0.001695773,-0.120161995,3.6659822,15.317551,0.31807593,0.000759971,0.019421276,-0.020587005,-1.2268424,7.0512366,0.34560165,vidējs
f_model_0009,0.009054324,0.026948769,-0.13884084,2.5554981,104.165,1.4637933,-0.0576717,0.034521744,0.5159144,2.5001183,70.43281,1.5661004,0.00010135844,0.27211148,0.57682556,0.694896,26.393282,2.1357167,vidējs
f_model_0010,0.012284918,0.03794512,-0.1379646,1.5309744,123.66099,1.548444,-0.04015184,0.05544673,-0.17531799,0.97716,86.48017,1.2291522,-0.1087028,0.069809005,-1.006351,0.6657381,14.455476,1.3531269,vidējs
f_model_0011,0.000408735,0.00041926425,0.0057940925,-0.8150439,12.975476,0.04931482,-0.000116096475,0.00070184417,0.0010796919,-1.0300598,9.591343,0.056643624,0.0001929448,0.0015177869,-0.018531635,-1.2050476,1.9712,0.07256623,slikts
f_model_0012,-0.00026539716,0.00042564873,0.0031209327,-1.1901453,13.072377,0.041826084,0.0002661129,0.0006555046,0.014793975,-1.185184,9.2697115,0.059822325,0.0006701662,0.0016495796,0.03592688,-0.9436743,2.0552552,0.11361679,slikts
f_model_0013,-0.00023333188,0.00027461527,-0.038057446,0.6684232,10.5002165,0.13836588,0.001664146,0.00048559703,0.06194242,0.5021727,8.000696,0.14589512,-0.00024985886,0.014324337,0.38877147,0.52780175,6.055614,0.5011011,vidējs
f_model_0014,0.054242305,0.12494361,-0.08627307,27.35912,226.57065,11.123841,-0.041235518,0.022717137,-2.256095,24.557348,56.572525,3.1040053,-0.109807394,0.10019815,-3.5541136,29.586426,16.952135,4.915828,vidējs
f_model_0015,0.0021872523,0.0021473202,-0.19319125,2.0292249,29.391687,0.38204318,-0.008577137,0.0036941573,0.120140165,0.47232318,22.222584,0.29140338,-0.049903676,0.027426446,-0.52068436,-0.71801543,8.751404,0.61081684,vidējs
f_model_0016,0.0019426504,0.0014388304,-0.04407556,1.0925927,24.063923,0.29743066,-0.018891545,0.0027206868,0.08474435,0.047332287,20.084429,0.23274097,-0.00050344167,0.061091103,0.17568155,-0.75886035,12.5057535,0.8779244,vidējs
f_model_0017,3.8267586e-05,0.00042421298,0.0007079937,-1.1976293,13.049252,0.035768215,6.8745154e-05,0.0006489817,-0.0061535537,-1.1981485,9.22301,0.044407748,0.00016044031,0.0012799281,0.017368414,-1.1715498,1.8101608,0.067313574,slikts
f_model_0018,0.012717319,0.037883505,-0.16217013,1.4331555,123.57852,1.3928577,-0.039750762,0.056484386,-0.15685496,0.9296043,87.23893,1.3180833,-0.108469725,0.07595499,-1.3126785,2.1512022,14.98549,1.5468248,vidējs
f_model_0019,-0.00012933029,0.0002777489,-0.097839996,1.6521149,10.559229,0.1740669,0.0014773946,0.0004133091,0.09379589,0.9382353,7.379657,0.12810495,0.0005808328,0.012603527,0.2139615,0.5073633,5.680308,0.439262,vidējs
f_model_0020,3.616896e-06,0.00042609568,0.00080181536,-1.1996636,13.078156,0.03835298,-0.00040455395,0.00065298873,-0.0020865104,-1.1977465,9.252567,0.047546197,0.0009428429,0.0011092231,-0.054068457,-1.1416662,1.6857897,0.070170015,slikts
f_model_0021,0.000659027,0.00036627427,-0.85227317,39.933846,12.132568,0.37967783,-0.00016555731,0.00040308808,0.45412296,26.808355,7.2689114,0.41239128,-0.003429881,0.0067787245,0.20183015,0.42164707,4.16937,0.308653,vidējs
f_model_0022,0.0005138838,0.000487457,0.0036076712,-0.9274316,13.991962,0.07283458,-0.0017288686,0.00088789687,0.0044566505,-0.74758935,10.806026,0.10130594,-1.3123732e-05,0.011964193,-0.27845937,-0.17479253,5.5342875,0.3891588,slikts
f_model_0023,-2.4425583e-05,0.0004254159,0.0008250273,-1.2027302,13.067729,0.03639516,-3.363517e-05,0.000654142,0.007271265,-1.2028267,9.25958,0.045428988,0.00022745374,0.0013290247,-0.0263715,-1.2238996,1.8445693,0.06406627,slikts
f_model_0024,0.0057285125,0.0033497177,0.14519203,29.000435,36.847878,1.0298898,-0.011371731,0.0034305663,-0.7017957,13.112148,21.600937,0.7794504,-0.010244523,0.008840784,-1.4449137,4.7565265,4.785507,0.59174824,vidējs
f_model_0025,0.0027579246,0.0040122913,-0.11836991,1.2693748,40.169853,0.5202599,-0.01175915,0.008046012,-0.066799514,0.9755907,32.752575,0.4658412,-0.04770872,0.024771709,-0.8471992,0.44471622,8.321204,0.7872291,vidējs
f_model_0026,0.010540761,0.009619467,-0.14467439,4.400624,62.497414,1.0131521,-0.014323294,0.007420405,-0.44787133,1.6830807,31.614824,0.52276176,-0.072660804,0.015964901,-1.4445009,3.9211192,7.37468,0.92467666,vidējs
f_model_0027,0.007357712,0.0056472495,-0.17837109,3.6527677,47.839108,0.68258005,-0.013075627,0.0049427124,-0.28385416,0.7423401,25.889393,0.37624434,-0.036864705,0.008410003,-1.4548851,3.436296,5.0008664,0.5942322,vidējs
f_model_0028,-0.00057895336,0.00052444247,0.010337143,-0.75979924,14.513782,0.10798495,0.0017351627,0.000860433,-0.02339558,-0.7168908,10.638294,0.11403785,-0.006273871,0.002358341,-0.051481776,-1.1825725,2.4775226,0.10793712,vidējs
f_model_0029,0.0014492541,0.0009135899,-0.0720855,1.1671023,19.17199,0.24093273,-0.006483356,0.0018029263,0.080329105,0.46100998,15.550648,0.24216706,0.000739192,0.045656223,-0.15042812,-0.76428914,10.811167,0.669535,vidējs
f_model_0030,0.00018553356,0.000281101,-0.040488895,2.9663062,10.623083,0.16269664,0.0003121465,0.00076221785,-0.0019472383,0.7925894,9.995907,0.19916819,-0.019645968,0.025416363,-0.1637625,-1.1076988,8.127358,0.41942894,vidējs
f_model_0031,0.05137823,0.06870294,0.55629444,64.02363,169.2258,6.4840007,-0.010725615,0.009215243,-0.14043252,49.92582,34.97054,2.6925044,-0.08375166,0.09895385,-0.7434499,3.29703,16.470537,1.7333891,slikts
f_model_0032,-0.00066029886,0.00044063295,0.00203615,-1.1254879,13.30596,0.04781101,0.0014050127,0.0006753422,-0.0022121405,-1.1358359,9.422164,0.055658784,-0.0013180652,0.0015103001,0.0015011278,-1.1726422,1.9674389,0.07344156,slikts
f_model_0033,0.0017582366,0.000404181,-0.29581493,6.0845222,12.786015,0.24413258,-0.0030902633,0.00079553586,0.079319715,2.617941,10.272495,0.2177426,-0.017692989,0.020205263,-0.26468635,-1.0746428,7.247542,0.4114182,vidējs
f_model_0034,0.00097131386,0.0020080418,-0.11038036,1.7354436,28.39757,0.38152257,-0.004162241,0.0019121168,0.00969707,0.31051707,15.902695,0.22291423,0.0007650003,0.03567013,-0.02046561,-0.5725241,9.555995,0.5903159,vidējs
f_model_0035,0.018970676,0.049018133,-0.2095121,8.231031,140.78592,3.0879645,-0.054349598,0.101968154,0.16107354,4.7325654,117.27036,2.639659,-0.0654946,0.058089532,-0.4932163,0.1757307,12.636868,1.0049326,vidējs
f_model_0036,1.760508e-05,0.00042489407,-0.00021604785,-1.1993423,13.059705,0.035921242,-7.389177e-05,0.0006535421,0.0012915396,-1.2033716,9.255365,0.044469327,-0.000363866,0.0012519922,0.03812871,-1.1583643,1.790374,0.06449447,slikts
f_model_0037,0.00236912,0.013658083,-0.48427737,108.93128,74.0588,5.196577,-0.00627925,0.009450504,71.21425,9010.701,35.26841,13.33286,0.006076615,0.2069906,-2.2581441,97.512436,23.021523,7.0657887,slikts
f_model_0038,0.0050217425,0.0030645423,-0.40372258,7.549076,35.217205,0.5638702,-0.010387345,0.0040089265,0.048456628,4.3166733,23.229292,0.45738682,-0.0473589,0.035018392,-0.35319126,-0.5390146,9.76672,0.76530445,vidējs
f_model_0039,0.00606301,0.0026536214,0.2587124,44.558292,32.8623,1.2605376,-0.0078026415,0.0025423255,-0.6064121,23.889763,18.471796,0.7507195,-0.0022577257,0.0075274957,-1.8786086,9.607408,4.391291,0.70459604,vidējs
f_model_0040,-0.0005756229,0.0005013088,0.008579823,-0.8440566,14.190214,0.08551695,0.001972867,0.0008337182,-0.022719087,-0.7975352,10.4779415,0.10878055,-0.006959892,0.0024847668,-0.13762487,-1.1055869,2.5465682,0.13023244,vidējs
f_model_0041,0.1383229,0.5144668,1.0196497,24.825977,462.8078,12.169889,-0.049270745,0.1381985,-7.5499578,71.2011,135.765,9.014281,0.46212405,1.6495152,0.4864283,0.90228534,69.06134,6.086939,slikts
f_model_0042,0.111088336,7.035193,0.10743244,2.5161896,1681.9434,20.06272,-0.15296434,0.42622015,1.9348701,183.50731,242.75987,38.655846,0.06284702,0.23841366,-0.23937564,1.274014,24.90884,3.0973852,slikts
f_model_0043,0.00026811467,0.0011138329,0.007841245,0.23470879,21.145449,0.18837245,-0.00032939974,0.0020719515,-0.0101284385,-0.25743508,16.47996,0.16185322,-0.015564653,0.0065491227,-0.3045156,-1.0694363,4.169645,0.22574727,vidējs
f_model_0044,4.133718e-05,0.00042472113,-0.0022245448,-1.1987847,13.057073,0.036450844,-2.9594336e-05,0.00064832973,0.0026833229,-1.1955711,9.21835,0.045646507,0.0002488453,0.0012997069,0.004734168,-1.2086276,1.8241185,0.06622452,slikts
f_model_0045,5.3447116e-06,0.00042580543,-5.2135374e-06,-1.2008721,13.073702,0.03712209,-0.00015592351,0.0006504553,0.0029574004,-1.1966522,9.233616,0.04578761,0.000978554,0.0012785022,-0.040111803,-1.1745459,1.8098114,0.068737276,slikts
f_model_0046,2.1605465e-05,0.0004281747,-0.0011235975,-1.1967365,13.110028,0.041275863,-8.54293e-05,0.0006570607,-0.0046763946,-1.1920965,9.28026,0.051858906,-0.00037209428,0.0014866879,0.03568804,-0.99891233,1.9509679,0.10531851,slikts
f_model_0047,0.19183265,1.6060511,-1.8897955,38.91518,812.0661,19.564802,-0.17931573,1.0738103,-0.7765026,9.05787,380.7373,10.698258,0.6793998,6.0839043,0.028018404,0.72571945,129.44672,10.331661,slikts
f_model_0048,-0.009554511,0.01410155,-3.6260278,41.092373,75.479126,1.3209026,-0.0142881265,0.22563376,-0.77180177,10.455173,172.04932,4.3662467,0.26664215,0.3572874,0.19043802,4.1880536,33.11596,3.7069864,slikts
f_model_0049,-0.00069441344,0.00043652777,0.0005436546,-1.1525589,13.244592,0.056085445,0.00092152687,0.00068686565,0.021113634,-1.1224687,9.494216,0.07793175,0.00022663148,0.0032624868,0.09082806,-0.4176755,2.8899994,0.18573192,slikts
f_model_0050,0.0014509582,0.00043121332,-0.21916614,2.7599769,13.188535,0.20475374,-0.009292061,0.0009208865,0.28784937,0.44201946,11.489974,0.16126923,-1.3411045e-08,0.024982665,0.3981622,-1.1127381,7.9972258,0.40534276,vidējs
f_model_0051,2.2382266e-05,0.00042236064,-0.0016134584,-1.2008564,13.020715,0.037092052,-0.00024315805,0.0006460036,0.00052206335,-1.1952904,9.202214,0.046417132,-0.0014831034,0.0011186467,0.05578978,-1.1628486,1.6939205,0.063977785,slikts
f_model_0052,0.0024453015,0.0026735289,-0.33005765,40.928986,32.795918,1.2259961,-0.0014266759,0.0017186702,-1.731534,41.566795,15.017862,0.6438567,-0.045805495,0.015793215,-1.4796386,4.749005,6.767709,0.84982324,vidējs
f_model_0053,6.0285376e-05,0.00042101022,0.00038161338,-1.1599745,12.999932,0.048124097,4.7722628e-05,0.0006642537,-0.003031009,-1.1352942,9.330882,0.06690591,0.00027728602,0.0030283225,-0.04559971,-0.4707713,2.7843676,0.17487325,slikts
f_model_0054,0.42549276,7.4057517,-0.6974499,10.398151,1745.1067,22.278824,-0.3023364,0.42392254,-0.43818715,4.5702887,259.89478,6.2069287,0.1283594,0.71975976,0.08218639,2.5640073,43.413868,4.353666,slikts
f_model_0055,4.9232043e-05,0.00042735142,-0.0027648418,-1.1902591,13.097446,0.041009754,-0.00015217035,0.00065918494,0.011082503,-1.1861998,9.29536,0.05563011,0.0010396151,0.0017625324,-0.06324029,-1.0585474,2.1248176,0.105043985,slikts
f_model_0056,0.0013584902,0.00040428314,-0.18499598,2.7468414,12.768052,0.21153069,-0.008221408,0.0008707328,0.28655934,0.4079175,11.089999,0.17648654,-7.776916e-06,0.0238364,0.2869613,-1.1327842,7.811606,0.401925,vidējs
f_model_0057,0.016462766,0.0376388,0.010363145,7.308655,123.35834,3.0045197,-0.013258156,0.025998399,-0.84686583,5.218508,58.57219,1.5489112,-0.19590893,0.0901362,-1.258299,3.6064506,18.138418,2.2199688,vidējs
f_model_0058,-0.00031140682,0.00044952048,-0.0029229133,-1.084048,13.434281,0.07386249,0.001221237,0.0007218462,0.023820795,-1.038402,9.737006,0.080738746,0.0004668288,0.005133196,-0.024131605,-0.58199954,3.6251264,0.21211411,vidējs
f_model_0059,-0.00073152804,0.00043702632,0.0012410275,-1.1534864,13.252948,0.052723803,0.0009224296,0.00068688375,0.01804477,-1.1149778,9.494353,0.08114164,-0.00066992815,0.0032687206,0.1951631,-0.32646322,2.892935,0.19671457,slikts
f_model_0060,2.5398085e-05,0.00042626954,0.00047303573,-1.2002565,13.080831,0.03745882,5.568721e-05,0.0006528622,-0.007154986,-1.1972287,9.250532,0.047052365,0.00048154918,0.0013687182,-0.03684794,-1.2215343,1.8720343,0.06701713,slikts
f_model_0061,0.0015964325,0.0011704044,-0.043241363,1.0840588,21.69867,0.3236583,-0.009435038,0.001962192,0.14557692,0.7380004,16.396841,0.35278264,0.0005216155,0.05596127,0.2691453,-0.15880609,11.969192,0.8976822,vidējs
f_model_0062,-0.00020794525,0.00042618078,0.0011752362,-1.1932565,13.080124,0.040821467,0.00031382084,0.000655317,-0.0006252965,-1.1928012,9.268581,0.053765308,-0.0007604593,0.0015051996,0.07517827,-1.0661554,1.9633622,0.10964779,slikts
f_model_0063,-0.000588524,0.00068479654,0.010248909,-0.18854594,16.583778,0.14701542,0.0027340867,0.0012667691,-0.07370636,0.6552141,12.923532,0.21816532,-0.011544021,0.0044061346,-0.30633372,-0.65356493,3.4089386,0.21069159,vidējs
f_model_0064,-0.00029053347,0.0007541995,0.0391958,1.0788112,17.40043,0.22099233,0.0013907083,0.0008836507,0.03956699,1.0038733,10.773828,0.19215994,-0.007715033,0.002399624,-0.25770316,-0.4564054,2.5090663,0.1721826,vidējs
f_model_0065,-0.012946051,0.4584731,-0.07880677,6.8878174,429.07022,6.877331,-0.18880995,0.5643454,0.007681033,56.33709,280.43246,26.386423,0.37609297,0.13850595,-0.81435776,10.217718,26.770817,3.0020208,slikts
f_model_0066,0.005037769,0.0073512695,0.38642004,3.689942,54.415466,0.61290467,-0.030769574,0.122780636,-0.51606834,11.206813,127.34665,3.0848129,0.026804015,0.117929816,-0.010032553,0.8130417,17.428125,1.5773641,slikts
f_model_0067,4.0628787e-05,0.00042526974,-0.0029419798,-1.1973904,13.065499,0.036512706,-8.767003e-05,0.00065132836,0.0012560484,-1.2002368,9.239692,0.04571075,-6.70652e-05,0.0013073348,-0.027597181,-1.2069604,1.8294231,0.06789963,slikts
f_model_0068,6.873793e-05,0.00044208427,0.0005153144,-1.1130452,13.321338,0.055153057,-3.754044e-05,0.0007225926,-0.002263661,-1.0432155,9.732001,0.07719137,2.3005996e-06,0.005420557,0.0063289935,-0.27990413,3.7251344,0.21838085,slikts
f_model_0069,0.9879465,14.154345,1.1222147,5.3093443,2464.4348,42.5959,-0.45319787,2.5936728,0.78421426,6.6417246,605.7049,14.910276,0.62070334,14.208636,0.17982158,0.93125224,193.2884,19.31334,slikts
f_model_0070,-6.697687e-05,0.0004240047,0.00470974,-1.1989393,13.046099,0.037393697,-0.00017005816,0.0006509634,0.0041592596,-1.193221,9.237253,0.046404373,-1.81559e-06,0.001287691,-0.013110162,-1.202851,1.8156235,0.06777908,slikts
f_model_0071,0.000614641,0.00028879527,-0.0049982225,2.298129,10.77387,0.1642388,-0.0027200333,0.0006442872,0.06989383,1.1504612,9.242171,0.1966988,0.000102081896,0.028998708,0.3619613,-0.2673769,8.616074,0.6317972,vidējs
f_model_0072,1.1700606e-05,0.00174307,-0.01745419,0.7971592,26.451504,0.305359,0.00294669,0.0036410321,-0.21169437,1.0337973,21.871794,0.3861594,-0.031848352,0.020339958,-0.57820797,0.1155653,7.39371,0.5463756,vidējs
f_model_0073,-0.00032945743,0.0004274063,0.00063908205,-1.1873178,13.0999155,0.042423066,0.00058802223,0.00065783976,-0.00036277412,-1.1802875,9.28815,0.063205056,8.267816e-06,0.0017587899,0.047884457,-0.92562056,2.12191,0.11102763,slikts
f_model_0074,0.003465865,0.00039949967,-0.7573348,35.122173,12.85239,0.46493992,-0.000932638,0.0008299476,-0.048350647,51.919476,10.435365,0.53566176,-0.00039548762,0.038024306,0.12516688,0.023837566,9.866237,0.76681745,vidējs
f_model_0075,0.0038711142,0.0048152963,-0.2821499,3.1339006,44.033077,0.6620325,-0.028769655,0.0062625157,0.700178,2.4260716,30.48488,0.6197401,-3.576279e-08,0.08849214,1.0102038,0.90555096,15.051242,1.2983482,vidējs
f_model_0076,-2.7777842e-05,0.00047457416,-0.010873824,-0.89347386,13.802105,0.10735938,0.0020684234,0.00078419835,0.057353992,-0.8283169,10.165983,0.095259055,0.00012331177,0.00841734,-0.028079314,-0.9291961,4.6420283,0.27319887,vidējs
f_model_0077,0.0010277391,0.0020137215,-0.1240627,1.716217,28.43848,0.39792663,-0.0040207156,0.0019025923,0.04070953,0.31722093,15.858606,0.21045895,-1.3271347e-05,0.035797603,-0.022221452,-0.6442859,9.572975,0.6719769,vidējs
f_model_0078,-0.00076835457,0.0004265164,-0.0015461413,-1.1278775,13.093662,0.05789017,0.00091138965,0.00067938183,0.026431289,-1.0939659,9.442289,0.081432626,-0.00059310545,0.003947607,0.16649202,-0.20147038,3.179115,0.21984081,vidējs
f_model_0079,-0.0113878595,0.57897145,-0.24414387,6.712635,482.13556,8.121682,-0.13938673,0.46964902,0.61044025,92.55486,253.18823,33.215202,0.27882272,0.19052963,-0.44262433,11.549272,26.206404,3.443941,slikts
f_model_0080,-0.00011579513,0.00051024475,-0.019165413,-0.5045955,14.311594,0.111987725,0.0036902335,0.0010836606,0.04340152,-0.16167903,11.992601,0.17292349,-0.020201722,0.005485013,-0.5806175,-0.12451744,3.8841207,0.33756188,vidējs
f_model_0081,-0.00042745075,0.00066836434,0.0004450598,0.22510695,16.381697,0.1806058,0.0031530051,0.0012596148,-0.074884355,0.8002019,12.899736,0.24424142,-0.014362167,0.006035189,-0.3749062,-0.35423517,3.9972665,0.29099157,vidējs
f_model_0082,0.005613158,0.014374382,-0.1683981,11.654006,76.04355,2.288483,-0.011237709,0.0095455535,-0.82062006,5.389266,35.604862,0.7598582,-0.12191844,0.023264078,-0.9063081,0.90856194,9.8796835,0.81089085,vidējs
f_model_0083,-0.00010717203,0.00042680203,0.00030934383,-1.1984527,13.0891695,0.03941278,0.00021634699,0.00065327366,0.0034089454,-1.1944052,9.253757,0.05098701,-0.00076626317,0.0014429127,0.043369304,-1.1573579,1.9223318,0.08505616,slikts
f_model_0084,0.0011816191,0.00034132056,-0.04870598,1.9429951,11.728988,0.14901412,-0.0053775627,0.0007694177,0.029111847,0.27084923,10.229342,0.124328904,0.00019618272,0.021041606,-0.19374444,-1.0687592,7.339387,0.3642431,vidējs
f_model_0085,0.0004910388,0.0012765144,-0.0815014,0.9221158,22.638449,0.30429286,-6.531394e-05,0.0014570284,0.024344476,0.033504963,13.819412,0.20142138,-0.0006133426,0.034483813,-0.04423379,-0.54289675,9.395719,0.6662783,vidējs
f_model_0086,-0.00024380788,0.00043792985,9.039055e-05,-1.1443092,13.25943,0.058821984,0.0010019863,0.0006851917,0.01956635,-1.1077626,9.483724,0.07781142,0.000262527,0.0031434048,0.08125472,-0.5480199,2.836775,0.16052543,slikts
f_model_0087,0.003337122,0.0009174257,-0.23635533,3.0260482,19.306267,0.30491382,-0.020659002,0.0027157103,0.44730392,1.9684396,20.295176,0.3670152,-8.5681675e-09,0.041471727,0.8965321,0.33456492,10.303767,0.7787632,slikts
f_model_0088,-5.152805e-07,0.00033390758,-0.077014685,0.7114339,11.577267,0.15120961,0.0005979886,0.00046302786,0.08452613,-0.10387778,7.7933855,0.122485176,-0.00061433646,0.00886173,0.27397475,-0.41841435,4.763087,0.33588564,vidējs
f_model_0089,3.4868746e-05,0.00042572303,-0.0042911735,-1.2004491,13.072451,0.03725083,-0.00022660516,0.0006528277,1.31554225e-05,-1.203308,9.250628,0.045833252,0.0010221915,0.0011148636,-0.035604615,-1.1423113,1.6901851,0.06976636,slikts
f_model_0090,0.053663973,0.6527128,-2.8147323,43.640614,512.9904,12.125176,-0.15007393,0.48468268,-2.971635,18.880445,257.83783,8.912179,0.3090752,1.9787308,0.5204083,1.7092242,72.87044,6.3873134,slikts
f_model_0091,0.0034937074,0.0034180353,-0.23981658,4.606259,37.106934,0.6138806,-0.014165268,0.0027525635,0.07866157,0.51842713,19.674454,0.31057802,-0.00045321992,0.034167834,0.111924045,-0.47544098,9.352549,0.6299534,vidējs
f_model_0092,0.0012300143,0.00037156476,-0.32998708,12.0688095,12.237439,0.24988687,-0.0012826051,0.0003837826,0.2994243,3.8274932,7.107646,0.1344718,4.8205254e-07,0.011219753,0.34833926,-1.116048,5.3593445,0.26190454,vidējs
f_model_0093,0.006706979,0.019860085,0.0074900542,14.540314,89.38706,2.3830087,-0.015183434,0.021730352,6.9874187,559.0416,53.651196,8.123944,0.0044985805,0.088918686,-0.7991651,22.784958,15.089189,2.8681748,slikts
f_model_0094,0.0838231,0.11841195,3.7368476,40.53231,224.39163,6.364891,-0.09452717,0.100132376,-4.2790103,41.572254,119.564735,6.2587323,0.36309546,0.7139257,0.8301561,5.272995,46.53124,4.2085795,slikts
f_model_0095,5.0397097e-07,0.00042484826,0.0016913246,-1.2001405,13.058999,0.035784326,-0.000103775856,0.00065255695,0.0029385604,-1.200895,9.248424,0.04434532,6.188144e-05,0.0012863254,0.0007841095,-1.1823426,1.8146633,0.0666697,slikts
f_model_0096,-4.040363e-06,0.00042531057,0.00019839342,-1.1987977,13.0661,0.035743665,-3.8170765e-07,0.00064994895,0.00073195103,-1.194892,9.229848,0.04425066,0.00012865264,0.0012916423,-0.010528226,-1.226424,1.8184187,0.06362017,slikts
f_model_0097,0.0012479938,0.00037855993,-0.28915504,11.765352,12.3523655,0.24775043,-0.0012188717,0.00039276012,0.37259966,4.0786977,7.188494,0.1568413,7.070601e-07,0.011249161,0.34869635,-1.1032602,5.366363,0.27034095,vidējs
f_model_0098,0.0050226524,0.0016692982,-0.07235252,4.7904825,26.080551,0.45753315,-0.01622759,0.004647577,0.26431656,5.57985,25.370905,0.66410446,0.0029048338,0.024014639,0.06293835,0.3482108,7.8421345,0.5318793,slikts
f_model_0099,0.0028521928,0.0056560603,-0.22643462,4.187513,47.682816,0.8087634,-0.022844136,0.004326203,0.15477464,0.52824616,25.208023,0.37075686,0.00045043827,0.038433068,0.17491487,-0.34483528,9.919131,0.6589032,vidējs
f_model_0100,-0.0007304552,0.00044728364,-0.002156528,-1.1089046,13.40736,0.07020281,0.001135478,0.00072121795,0.015824148,-1.0634387,9.731418,0.087974034,0.00077774323,0.0048447065,0.12850545,-0.21239495,3.521931,0.26430386,vidējs
f_model_0101,-0.00046179007,0.00043538056,-0.002658248,-1.1581882,13.223117,0.0575961,0.0009335078,0.0006814718,0.016589582,-1.1324543,9.457064,0.07962975,-0.000102110396,0.0030007795,0.16371554,-0.5986521,2.771646,0.1716552,slikts
f_model_0102,-0.0002655381,0.00022028935,-0.074554935,4.353287,9.405001,0.1652036,0.0025644982,0.00042427878,0.03501345,2.9019747,7.514856,0.16323367,-0.0152799245,0.009934563,-0.295345,-0.46906066,5.101978,0.34427637,vidējs
f_model_0103,0.063880965,1.2051505,-0.1104242,1.7937045,696.70264,8.567211,-0.20448376,1.2120602,0.00502166,3.1704674,405.39822,8.523285,-0.13893186,0.11536195,-0.7676881,0.81470203,18.567173,1.8090727,vidējs
f_model_0104,-0.0012779806,0.0004240411,-0.00075847114,-0.9964297,13.071689,0.06309756,0.0017856753,0.0006396608,0.007425349,-0.97426105,9.179301,0.06298688,-0.0038401715,0.0017359998,0.008367823,-1.167726,2.1170526,0.08750288,vidējs
f_model_0105,0.008242827,0.021531254,-0.1974242,2.8278136,93.11325,1.3556557,-0.03014947,0.025176661,-0.012064646,1.0673952,58.473045,0.8841622,-0.10825048,0.07369886,-0.658666,-0.21678162,14.787414,1.0515766,vidējs
f_model_0106,-0.00071364123,0.00044970066,-0.005331285,-1.0933378,13.443131,0.07286925,0.0010331594,0.0007293867,0.018984929,-1.0522696,9.784789,0.108150996,0.00080059597,0.005158148,0.18230608,-0.26215506,3.6340744,0.23588039,vidējs
f_model_0107,-0.0002553716,0.00031673035,-0.01634263,-0.25864744,11.276712,0.09059064,0.0030497022,0.0005866119,0.065026626,-0.50660825,8.837841,0.08849807,-0.009956798,0.0031910255,-0.14170428,-1.2373456,2.9022093,0.14161068,vidējs
f_model_0108,9.4118404e-05,0.00066156767,-0.05015567,0.1710198,16.29607,0.16783042,0.0020632255,0.0011965309,0.05601281,0.020805836,12.545503,0.1635421,-0.022622963,0.0062147533,-0.4812912,-0.5184853,4.1496954,0.33385625,vidējs
f_model_0109,-1.8623698e-05,0.00048557535,-0.018176457,-0.81129503,13.961156,0.113333195,0.0020050425,0.000814126,0.06714032,-0.72629523,10.355484,0.1181528,0.0013127518,0.010044182,-0.029860836,-1.0247005,5.0712442,0.26059064,vidējs
f_model_0110,0.00597977,0.0010133638,-0.32289037,6.57133,20.521338,0.3707812,-0.01088306,0.0023685365,0.02792234,3.1059527,18.054724,0.35106108,-0.0049584624,0.019370481,-0.031565487,-0.9666889,7.0463734,0.40338928,slikts
f_model_0111,0.0022438806,0.003479884,-0.06677516,1.2584405,37.401516,0.52031654,-0.004246816,0.007179614,0.078787684,1.1718049,30.714983,0.5408288,-0.040866125,0.025313247,-0.60326606,-0.22742844,8.311271,0.7381346,vidējs
f_model_0112,1.549577e-05,0.00042562,-0.0022958291,-1.2015646,13.070855,0.0357709,6.82744e-05,0.0006491636,-0.0031136798,-1.199573,9.224305,0.044318203,-0.00020298982,0.0013208392,-0.00095080875,-1.2182075,1.838873,0.06457339,slikts
f_model_0113,-0.0004990327,0.00043625437,-0.0022228279,-1.1542822,13.236911,0.054428685,0.0009882927,0.00068528455,0.008907306,-1.1284629,9.484178,0.07538577,-0.0010759073,0.0030953165,0.18201022,-0.49921274,2.815488,0.17372458,slikts
f_model_0114,0.0006459355,0.00035215748,-0.0071423636,1.7893872,11.896477,0.1452158,-0.0022811224,0.0010033412,-0.025842432,-0.06934428,11.497474,0.12680013,-0.023912072,0.009677427,-0.4381683,-0.8383045,5.1223025,0.3111236,vidējs
f_model_0115,-1.9425972e-06,0.00042603043,-0.0019204279,-1.2000124,13.077155,0.036282204,-5.503659e-05,0.0006521457,0.004407781,-1.202686,9.245456,0.0449602,-0.00023562097,0.0012971994,0.041538488,-1.2421551,1.8223535,0.064722426,slikts
f_model_0116,0.004527791,0.0033191466,-0.15110557,3.0137472,36.61365,0.50237644,-0.00844887,0.003011914,-0.15960051,0.83052707,20.10308,0.29976895,-0.028066654,0.0057917656,-0.86228085,0.84968495,4.104087,0.44503358,vidējs
f_model_0117,-0.00139375,0.00047873543,0.014987782,-0.9178288,13.890566,0.07294798,0.0017857312,0.00071220036,0.0074541015,-0.8397145,9.683359,0.08108159,-0.0034538521,0.0019846794,-0.07395561,-1.120696,2.2608223,0.105017304,vidējs
f_model_0118,0.002291552,0.00538837,-0.034981728,1.4065461,46.53001,0.50732696,-0.005315179,0.0076367054,0.07805759,0.85946846,31.696383,0.45638084,-0.023215838,0.017485699,-0.20175642,-1.1172767,6.7928762,0.369818,vidējs
f_model_0119,-0.0006248054,0.0004287891,0.0025142098,-1.1689706,13.125395,0.0502796,0.0007967236,0.00066957664,0.01663406,-1.1512153,9.372618,0.087958336,1.1081715e-05,0.0026223927,0.12684497,-0.5412178,2.5910087,0.1631755,slikts
f_model_0120,-0.0005848622,0.0005218207,0.006572895,-0.7656841,14.477581,0.09092535,0.0021411094,0.0008548075,-0.024920244,-0.7295873,10.613302,0.11372265,-0.0049636946,0.0023023456,-0.036581002,-1.1902874,2.4407127,0.10501202,vidējs
f_model_0121,0.0052733044,0.0012871284,-0.2965336,6.7829437,22.974453,0.4251862,-0.012903522,0.0029592628,0.21878165,5.334034,20.241047,0.46240568,0.0028306,0.021893868,0.0015007459,-0.4208417,7.487911,0.46458957,slikts
f_model_0122,0.0077878996,0.023064481,-0.1144142,1.5055037,96.34627,1.3488965,-0.036517672,0.037194084,-0.16931407,0.97033715,71.06261,1.0246637,-0.080268584,0.055015214,-0.83439386,0.14100361,12.543251,1.0595486,vidējs
f_model_0123,-0.00058551435,0.0004260084,0.0025168094,-1.0598192,13.08208,0.052664835,0.001689006,0.0006594886,0.008592814,-1.0600101,9.317424,0.0616024,-0.001611438,0.001615031,-0.0355339,-1.2025875,2.0349758,0.079151616,slikts
f_model_0124,0.0005461039,0.000352295,-0.058553327,1.7917819,11.896791,0.13965607,-0.0022729228,0.0010035929,-0.0006791562,-0.08721733,11.498697,0.14343372,-0.022647526,0.00951471,-0.42789987,-0.86134243,5.066627,0.318796,vidējs
f_model_0125,-7.06176e-05,0.00042561183,0.0035397145,-1.2000496,13.070803,0.037971225,-0.0003483497,0.0006510454,0.0057385704,-1.1979884,9.238491,0.046952236,6.891813e-05,0.0011077628,0.025458569,-1.1557643,1.6840086,0.06875347,slikts
f_model_0126,0.004338799,0.0023003467,-0.3132955,18.474447,30.511196,0.9197366,-0.012013363,0.002148074,-0.26794493,5.002719,17.334032,0.44301742,-0.00034833065,0.027020568,0.41507408,0.05342269,8.317029,0.65654165,vidējs
f_model_0127,2.0057927e-05,0.00042970327,0.001696085,-1.1883411,13.133407,0.04523974,-0.00021668998,0.000663312,-0.0009523462,-1.1797724,9.324579,0.0565304,0.00022231878,0.0018322424,0.0004652921,-0.8967428,2.1657948,0.11574117,slikts
f_model_0128,-4.2227435e-05,0.00065691787,-0.0253855,-0.21730804,16.238615,0.14085545,0.0024868916,0.0012593716,0.013633567,-0.093910456,12.879403,0.15348442,-0.017129067,0.004867478,-0.38949746,-0.7264497,3.634812,0.3007483,vidējs
f_model_0129,1.85981e-05,0.00042534847,-0.0005254559,-1.1996276,13.066689,0.03625995,-5.182568e-05,0.0006504771,0.0066088377,-1.1967077,9.233617,0.04477729,-0.00022956877,0.0012990299,0.021872064,-1.19432,1.8236369,0.067758605,slikts
f_model_0130,-0.00024177154,0.00061971066,-0.009057257,-0.2921431,15.772763,0.14637586,0.001985532,0.0009980481,-0.0055730385,-0.30602455,11.460055,0.1414819,-0.012900347,0.00336188,-0.32792598,-0.601012,3.0054028,0.23495361,vidējs
f_model_0131,0.0004660495,0.0020552836,-0.023984155,0.98161674,28.724445,0.35144556,0.002444249,0.003680662,-0.17678095,0.87189364,21.98215,0.35497537,-0.037953455,0.019245159,-0.631825,-0.07766509,7.277032,0.4978498,vidējs
f_model_0132,0.0016499747,0.0011475137,-0.13491331,2.4419765,21.487522,0.36734223,-0.005759379,0.0014683824,0.16141793,0.41496944,14.028954,0.2165349,0.00033627264,0.017408561,0.22269878,-0.51017165,6.6757927,0.445796,vidējs
f_model_0133,0.0012435241,0.00090619974,-0.035148535,1.1711864,19.088646,0.25280884,-0.0042448863,0.0015991167,0.036211316,0.6666248,14.558886,0.27729365,-0.00103399,0.051745493,0.17258044,-0.33365822,11.509613,0.79524577,vidējs
f_model_0134,-0.056729574,10.029611,0.06090394,3.2553453,2006.8025,22.241713,-0.16594979,0.8956659,0.43177548,574.0594,347.8597,49.960854,0.105901435,0.34856376,-0.76943547,5.8403664,30.348541,4.134225,slikts
f_model_0135,0.00010435099,0.00081200403,-0.06515358,0.58849955,18.054062,0.3082098,0.0007879459,0.0011118618,0.004718666,-0.13276434,12.0753975,0.18460397,-0.0001989549,0.020692252,0.22787651,0.317477,7.2782044,0.6757467,vidējs
f_model_0136,-0.00021996828,0.0005091913,-0.015677214,-0.7599416,14.297299,0.14350396,0.0009075725,0.00083130266,0.028221264,-0.75987506,10.443585,0.12616488,0.00046603047,0.010093855,0.15865,0.23215675,5.083387,0.40498638,vidējs
f_model_0137,-0.00024161664,0.00045815296,-0.0011713948,-1.0442181,13.562064,0.080120385,0.001260366,0.0007366784,0.03150322,-0.9962394,9.836978,0.09401537,0.0014480387,0.0057752086,0.017945638,-0.5904937,3.8457644,0.2435545,vidējs
f_model_0138,0.015141499,0.030058736,0.10164371,19.530838,110.262436,2.7568614,-0.0320412,0.015147004,-1.6269755,9.262171,46.042473,1.1942981,-0.010392206,0.020661429,-1.2077614,3.0512786,7.2917576,1.034621,vidējs
f_model_0139,0.00050090277,0.00053914706,-0.0019658857,-0.5936606,14.714564,0.10685482,-0.002069557,0.0010921304,0.0006908334,-0.5155308,11.987871,0.13397826,-0.0013830187,0.024354687,-0.15864988,-0.5156188,7.896385,0.52476937,slikts
f_model_0140,-0.0006805065,0.00045540408,-0.003047317,-1.0603627,13.52733,0.07243884,0.0010190563,0.0007465806,0.025871795,-1.0085489,9.899088,0.08187974,0.00014423994,0.006196473,0.1510051,-0.36178565,3.9828413,0.23673636,vidējs
f_model_0141,0.019783743,0.35597703,-0.0563108,-1.6750733,378.21835,1.2417252,-0.06329554,0.356187,0.19919337,-1.9312371,217.28156,1.1298584,0.038094092,0.23912442,-0.4345637,-1.6289511,24.8168,0.8769247,slikts
f_model_0142,-0.014609974,0.014235898,-0.709733,11.141523,76.1582,0.97391236,-0.048103288,0.22171809,-0.5617075,12.381735,171.36008,2.8916187,0.27431926,0.19781885,0.29064474,3.2006464,26.439724,2.9384983,slikts
f_model_0143,0.0014486237,0.002147215,-0.062266137,0.8485434,29.372622,0.33232304,-0.002896408,0.0041512433,0.041611303,0.4096272,23.34976,0.3232963,-0.027160639,0.013773954,-0.40114942,-0.8147135,6.0950665,0.4252464,vidējs
f_model_0144,-0.00013990686,0.00040917133,-0.0017693905,-1.0751593,12.816101,0.043442212,-0.00028949283,0.00066021417,0.005421423,-1.1609615,9.3030405,0.051339652,0.0016632837,0.0013410666,-0.06707912,-1.1980973,1.854781,0.06557106,slikts
f_model_0145,-0.00021947583,0.00053063425,-0.00031746854,-0.5247712,14.595209,0.11422472,0.0024253775,0.00085277355,0.035081692,-0.6030035,10.608758,0.12010257,-0.0086139385,0.0028757378,-0.23964922,-1.0425109,2.7480612,0.16231555,vidējs
f_model_0146,0.00011113036,0.00072853186,-0.001659933,-0.51611423,17.100971,0.08333432,-0.00014352406,0.0011489384,0.0033030906,-0.7477269,12.271769,0.083589345,-0.0035608697,0.0025875662,-0.013187204,-1.186006,2.5800445,0.10013943,slikts
f_model_0147,8.3616e-05,0.00043616287,0.00026575013,-1.1600314,13.231853,0.048470747,-0.0007314908,0.0006866583,-0.0012964882,-1.132592,9.490617,0.06823497,-0.0003584481,0.002341357,-0.033993088,-0.11873555,2.4483063,0.17237051,slikts
f_model_0148,0.0009114809,0.00031720614,-0.0724774,2.607439,11.2987795,0.1679636,-0.004490766,0.0007154121,0.14128979,0.6933608,9.819053,0.1531445,-0.00014301781,0.025590539,0.14516485,-0.89297986,8.093938,0.44220313,vidējs
f_model_0149,0.0012215547,0.00044885054,-0.10642568,2.2453604,13.445114,0.17765816,-0.0045578964,0.0009715648,0.069317415,0.059495687,11.404732,0.14177167,-0.018668443,0.012775587,-0.25548193,-1.2169782,5.796351,0.29463995,vidējs
f_model_0150,6.6151326e-05,0.00043418593,0.0017424776,-1.1607641,13.2017975,0.04887585,5.1494e-05,0.00068805227,-0.0032603317,-1.1375358,9.496565,0.069731005,0.00032812596,0.0031066132,-0.07116418,-0.5435302,2.820143,0.1943375,slikts
f_model_0151,0.0014971652,0.00042689717,-0.1933823,3.275453,13.124764,0.2170217,-0.009614043,0.00080722943,0.47567242,1.7362475,10.859105,0.20598048,-1.5069544e-05,0.027700797,0.841162,0.10899854,8.421047,0.5496799,vidējs
f_model_0152,0.00076497835,0.0019427309,-0.0571314,1.0269122,27.929592,0.33810678,2.8317372e-06,0.0034381538,-0.11486901,0.5693681,21.228418,0.34277675,-0.044137128,0.01732062,-0.65423375,-0.15812182,7.023381,0.5901209,vidējs
f_model_0153,-0.000116831616,0.00042672508,-0.0012454656,-1.1966828,13.08802,0.04165498,0.0002737907,0.0006541492,-0.0013645234,-1.1932456,9.260155,0.054980297,-0.0016410615,0.0014978016,0.0959913,-1.1227247,1.9599149,0.09535472,slikts
f_model_0154,0.005928686,0.014770071,-0.098044336,1.5006485,77.09038,0.880338,-0.012914991,0.023027372,0.053702448,1.4567204,55.137157,0.85038614,-0.04867991,0.036665257,-0.5840537,-0.312037,9.996478,0.7219381,vidējs
f_model_0155,0.0013820741,0.00064751506,-0.009008535,-0.31367016,16.14572,0.12700948,-0.005772172,0.0013139487,0.006074457,-0.38176298,13.288676,0.15863909,-0.00024229326,0.025566071,-0.24050955,-0.78329635,8.090074,0.47612205,slikts
f_model_0156,1.0020033e-05,0.000421281,-0.0013224812,-1.1985015,13.004056,0.037594695,-0.00016714,0.0006469628,0.0032501426,-1.1967058,9.20882,0.04690304,0.0015048019,0.0012692343,-0.05515216,-1.1548625,1.804172,0.07295775,slikts
f_model_0157,-1.8494718e-05,0.00075748615,-0.034309585,0.13926697,17.437346,0.20404859,0.0015216676,0.0011332503,0.025365982,-0.16066766,12.200035,0.19099194,-0.0013336374,0.023040354,0.2975704,0.36306357,7.6803555,0.686326,vidējs
f_model_0158,0.00052248454,0.0002853952,-0.02668813,3.098082,10.708381,0.15545362,-0.0018979388,0.0006411312,0.07817143,1.3639846,9.19274,0.17085487,-0.000102743135,0.030580923,0.2179765,-0.4694836,8.848004,0.54535437,vidējs
f_model_0159,-3.611596e-05,0.00049514766,0.0079239225,-0.89587307,14.098107,0.08104892,0.00016319822,0.0009435113,0.00764305,-0.7301657,11.120764,0.107677974,-0.0002711849,0.019360349,-0.06760194,-0.38972187,7.0400767,0.4705975,slikts
f_model_0160,0.000871662,0.0018681778,-0.13486807,2.1238465,27.389883,0.4600355,-0.003221049,0.0016073717,0.06034648,0.5329027,14.561638,0.21269464,0.0008204829,0.03576132,-0.073772244,-0.6067219,9.5682125,0.60232455,vidējs
f_model_0161,-2.0324087e-05,0.00042444235,0.00079205993,-1.1987926,13.052763,0.03712225,-7.118745e-06,0.0006484422,0.0021899522,-1.1947117,9.219143,0.047275193,-0.00014657734,0.0013249537,-0.0012805976,-1.2153286,1.8417212,0.06658214,slikts
f_model_0162,0.0049809846,0.010617879,-0.15513407,1.7151003,65.36098,0.8744956,-0.02256554,0.014832919,-0.028869085,0.57518387,44.84331,0.62809366,-0.057783574,0.03448193,-0.52833384,-0.60989094,9.839788,0.7008047,vidējs
f_model_0163,-0.00038226796,0.0004492444,0.0007024612,-1.086908,13.430891,0.07655006,0.001124092,0.0007219522,0.017015837,-1.0525824,9.736186,0.08343153,-0.00019355514,0.0049186745,0.1012038,-0.57694197,3.5485072,0.24085565,vidējs
f_model_0164,-0.00055371417,0.00046455,0.0076578767,-1.0060763,13.660054,0.06935632,0.0019330502,0.0007254069,0.005757783,-1.0106698,9.776006,0.06923794,-0.0034892112,0.0018228714,-0.044982143,-1.1991713,2.1674218,0.09079158,vidējs
f_model_0165,0.0013335892,0.00037475786,-0.073483184,2.0087404,12.294089,0.14808966,-0.007964846,0.0008437685,0.1125925,0.18903375,10.904562,0.13598876,0.00025504624,0.024505481,0.109491654,-0.9788761,7.9204926,0.4222025,vidējs
f_model_0166,-2.2257267e-05,0.0004241996,0.000731903,-1.1998628,13.049031,0.03611135,-0.00010426877,0.0006533252,-0.00061612995,-1.2039341,9.253867,0.044732414,2.9516756e-05,0.001260063,-0.012112548,-1.2176341,1.796041,0.06500388,slikts
f_model_0167,0.01707034,0.050906185,-0.0780157,7.3486633,143.35649,2.7197745,-0.05816319,0.102524675,0.15670615,3.8670835,117.81986,2.458558,-0.06455688,0.06042082,-0.47423932,0.2482531,12.858706,1.1862831,vidējs
f_model_0168,0.0055381274,0.00068570144,-0.26339507,18.137419,16.957512,0.54633254,-0.0056020515,0.0012545829,0.112243295,21.142149,12.982838,0.767119,-0.0014443131,0.023321915,0.11191558,-0.61176634,7.727189,0.50372785,vidējs
f_model_0169,0.00010672607,0.0005447095,0.0030927716,-0.67226243,14.786994,0.109902605,-0.0002973565,0.0011013477,0.0065723658,-0.5412624,12.015299,0.14348687,8.506039e-05,0.029008796,-0.037825193,-0.67059255,8.617572,0.54927003,vidējs
f_model_0170,0.0013444788,0.004396006,-0.05160372,1.3446445,42.015656,0.4779628,-0.00051483023,0.005392366,0.0043672184,0.4400394,26.586143,0.4231979,-0.016161572,0.011891293,-0.251224,-1.0767308,5.5776677,0.28948614,vidējs
f_model_0171,-0.0002603959,0.00042806915,0.00026776936,-1.1897799,13.109443,0.043898597,0.0005333812,0.0006612276,0.0070661656,-1.1830106,9.31159,0.05924744,-0.001611422,0.0018345095,0.1147325,-0.9376161,2.1686385,0.1157466,slikts
f_model_0172,-0.0003889756,0.00042626238,0.0017170392,-1.1809193,13.083032,0.04400227,0.00071347016,0.00065848214,0.0034098409,-1.1743658,9.293831,0.06102861,-0.00046954103,0.0019359763,0.11579534,-0.8281193,2.2263567,0.11517462,slikts
f_model_0173,-4.5493693e-05,0.000425098,0.0011481721,-1.2005348,13.062869,0.037302718,0.00017202314,0.00065436354,-0.0063648024,-1.2008868,9.26135,0.046704747,-0.00022133575,0.0013190375,-0.0037205026,-1.1923494,1.8376238,0.068735264,slikts
f_model_0174,-0.000101277335,0.00027913612,-0.052465796,0.058158398,10.585438,0.11898133,0.0018513366,0.00050859485,0.06947126,-0.08891821,8.19218,0.12874725,-0.001057199,0.013410156,0.12427851,-0.618299,5.8594246,0.3434417,vidējs
f_model_0175,0.0024956423,0.0037320766,-0.086681984,1.1896267,38.737373,0.45607424,-0.008973079,0.005061412,0.033197287,0.07701254,25.96079,0.33213964,-0.019467972,0.011537726,-0.20427367,-1.3173261,5.5232983,0.26076332,vidējs
f_model_0176,0.009767449,0.040493783,-0.06362481,1.3858705,127.643295,1.5750177,-0.012609352,0.06044136,-0.021081919,1.7113333,89.12355,1.5886631,-0.09298529,0.10055053,-0.882011,1.0268488,16.719563,1.5456347,vidējs
f_model_0177,5.482767e-05,0.00062218285,-0.0382781,-0.29413867,15.803488,0.1669603,0.0015382449,0.0010328372,0.047258507,-0.41161823,11.64844,0.1411339,-0.0012543735,0.020155763,0.015983675,-0.37485504,7.183508,0.5050221,vidējs
f_model_0178,-3.3580494e-05,0.0004254724,0.001961662,-1.201536,13.0686,0.03709559,-6.4503784e-06,0.000650627,-0.00051931874,-1.2000631,9.234662,0.046503495,-1.2259139e-05,0.0013227771,0.013813206,-1.2205523,1.8401929,0.071250886,slikts
f_model_0179,-0.00071261305,0.0004372942,-0.0009945454,-1.1469759,13.256589,0.058044177,0.0009501788,0.0006913157,0.019679453,-1.1186328,9.525253,0.08888766,-0.00022942561,0.003495895,0.17157309,-0.43469453,2.9915926,0.2117965,slikts
f_model_0180,0.005515593,0.010361755,-0.25187212,10.670814,64.58713,1.4344463,-0.04232165,0.008042305,-0.34812444,1.866116,35.90107,0.74714226,-0.0003622733,0.052816503,-0.005002832,-0.2809732,11.62801,0.8088434,vidējs
f_model_0181,0.00046594805,0.00048999407,0.004311462,-0.9141617,14.027637,0.08101679,-0.0016553479,0.0008963241,0.008113064,-0.747849,10.855511,0.10387203,-0.00026560816,0.012038661,-0.32141572,-0.19472241,5.5515,0.40562114,slikts
f_model_0182,0.0023495955,0.0024716544,-0.20491004,3.787795,31.533424,0.6782611,-0.007282944,0.0022837827,0.020844758,1.0197401,17.501202,0.30897108,-0.00068106654,0.039237093,0.20337772,-0.4397242,10.022383,0.7090997,vidējs
f_model_0183,-4.9072554e-05,0.0008943091,0.0013105877,-0.47653747,18.946863,0.09447432,0.00041432382,0.0014698636,-0.0062194364,-0.7354412,13.88094,0.094929725,-0.0040022237,0.0035789744,-0.046814054,-1.310815,3.0336745,0.108518004,slikts
f_model_0184,0.016806807,0.009317892,-0.27738145,138.81064,62.077824,1.876762,-0.031931665,0.8595177,-139.17604,24157.107,335.84326,205.27287,-0.0011677385,7.082343,-14.48527,314.89044,134.65067,62.43997,slikts
f_model_0185,-0.0013023833,0.00046538305,0.0070024817,-1.0237402,13.69267,0.062903166,0.0017260271,0.0007179454,-0.0117390705,-1.0660526,9.720752,0.06802219,-0.003754165,0.001781385,-0.003313941,-1.1805252,2.1439278,0.08747388,vidējs
f_model_0186,0.0034777531,0.0074973684,-0.024130076,1.4805565,54.903156,0.67357725,-0.0037779012,0.009187789,0.010976349,0.72686124,34.729416,0.48100138,-0.025837112,0.014452994,-0.3142298,-0.91128707,6.221624,0.38886178,vidējs
f_model_0187,0.00011287978,0.00048620178,0.0005014893,-0.9477501,13.970335,0.048975144,-0.00089922856,0.000710923,0.00694049,-1.0887709,9.658574,0.05789831,-0.0011426869,0.0014472237,0.07096229,-1.1929193,1.9256779,0.07149281,slikts
f_model_0188,0.00774916,0.018615874,-0.20437348,2.5807247,86.583244,1.2830514,-0.027791513,0.023296937,-0.03204734,0.90282416,56.16771,0.8062437,-0.09091416,0.06085491,-0.8519487,0.19528627,13.302177,1.0353516,vidējs
f_model_0189,-3.449802e-05,0.00043052324,0.0014620441,-1.1776041,13.145939,0.044845086,1.2201895e-05,0.00066991686,-0.0052976664,-1.169682,9.370558,0.058380045,0.000917729,0.002301443,-0.00061271066,-0.8193641,2.4277253,0.12568586,slikts
f_model_0190,-0.00038264456,0.00042978014,0.0008834619,-1.1887114,13.136812,0.045620237,0.00065670005,0.00066095265,0.004565736,-1.1778822,9.310687,0.06566827,0.0006642923,0.0019476234,0.08597983,-0.7193656,2.2331693,0.13109963,slikts
f_model_0191,0.00055072136,0.009406456,0.26368764,4.902475,61.448704,0.680824,-0.019927334,0.33206183,0.26111618,7.508543,208.74858,3.1902869,0.2675434,0.20489697,0.9226776,5.59538,26.60413,4.187872,slikts
f_model_0192,-3.365574e-06,0.00042481523,0.0018012479,-1.1992064,13.058488,0.03646532,3.873213e-05,0.0006483624,-0.001386861,-1.193476,9.218586,0.045347266,-0.00020907719,0.001315021,0.014624619,-1.2260735,1.8348203,0.06555253,slikts
f_model_0193,0.0011314958,0.0013278769,-0.017632676,0.65028405,23.098356,0.2350838,-0.0032180424,0.0023986222,-0.0023791117,0.0029587746,17.76934,0.20028748,-0.02433257,0.008874311,-0.5471331,-0.61210227,4.9227986,0.36881086,vidējs
f_model_0194,0.010545108,0.057631887,-8.228038,412.03806,152.24492,8.929469,-0.04332917,0.12352917,-7.514996,89.8046,128.208,10.562275,0.8569819,2.8830738,0.20998774,-0.19321609,96.23294,8.450338,slikts
f_model_0195,0.00087603077,0.0020820159,-0.097361214,1.6930614,28.914448,0.40393078,-0.003860462,0.001965175,0.019074779,0.234581,16.110023,0.22260335,-0.0007508965,0.036990054,-0.075607866,-0.7072916,9.731186,0.6112724,vidējs
f_model_0196,0.0065054856,0.013455637,0.11498068,20.824001,73.60826,2.1400437,-0.020204172,0.017450023,9.041165,501.1054,48.38087,6.9074183,0.0043873987,0.07608025,-0.30638644,15.923334,13.957604,1.8747163,slikts
f_model_0197,0.0030348492,0.0018356884,-0.19689569,4.937767,27.213165,0.5272691,-0.0074080187,0.0019042443,0.030426636,1.1268282,16.024548,0.25584313,-0.0010933217,0.024956912,0.29153454,-0.07790589,7.9932942,0.59272826,vidējs
f_model_0198,0.0001642165,0.00029633092,-0.17559202,1.8918357,10.906893,0.15585378,0.001096675,0.0003729551,0.2351635,0.1896329,7.0029707,0.09407447,-4.2364933e-05,0.011135988,0.08833243,-1.1236855,5.339301,0.30530334,vidējs
f_model_0199,0.00025513384,0.00045723343,0.00018029565,-1.0623677,13.548549,0.058208402,-0.0011545799,0.00076762127,0.00065524207,-0.948761,10.039342,0.08385582,-0.00075401005,0.0060961097,-0.15416224,-0.21087766,3.950632,0.25246084,slikts
f_model_0200,-0.00021398153,0.0009015202,-0.00947382,0.8832538,19.02355,0.25253078,0.00373204,0.0018865288,-0.11259587,1.0696874,15.782797,0.25614643,-0.025299672,0.015423345,-0.4357642,-0.26767015,6.412671,0.45341328,vidējs
